{
  "name": "ferkathas-5e",
  "title": "Ferkathas (D&D)",
  "description": "<h2>THE YEAR IS 1537 VIRYAN AGE, MONTH FIREWANE.</h2>\n<p>And the world is calling your name.</p>\n<h2>FIVE CONTINENTS STIR.</h2>\n<p>Never mind the other thirteen main planes of existence, you will never finish all the adventures offered just in these lands. From unjust slave trades to brewing wars to desperate aftermaths to brooding dragons, each has something to offer.</p>",
  "version": "1.0.0",
  "minimumCoreVersion": "0.0.0",
  "compatibleCoreVersion": "1.0.0",
  "scripts": [],
  "esmodules": [],
  "styles": [],
  "packs": [],
  "languages": [],
  "authors": [],
  "keywords": [],
  "socket": false,
  "url": "",
  "manifest": "https://raw.githubusercontent.com/MEBonham/FoundryData-for-Cloud/master/worlds/ferkathas-5e/world.json",
  "download": "https://github.com/MEBonham/FoundryData-for-Cloud/archive/master.zip",
  "license": "",
  "readme": "",
  "bugs": "",
  "changelog": "",
  "background": "Ferkathas%20stuff/Big%20Maps/Ferkathas.jpg",
  "system": "dnd5e",
  "coreVersion": "0.6.6",
  "systemVersion": 0.96,
  "nextSession": "2020-09-12T13:00",
  "availability": 0,
  "unavailable": false
}